<?xml version="1.0" encoding="UTF-8"?>
<project-private xmlns="http://www.netbeans.org/ns/project-private/1">
    <editor-bookmarks xmlns="http://www.netbeans.org/ns/editor-bookmarks/2" lastBookmarkId="0"/>
    <open-files xmlns="http://www.netbeans.org/ns/projectui-open-files/2">
        <group>
            <file>file:/C:/Users/Nacho/Desktop/pecl2/src/logicaNeg/Exposicion.java</file>
            <file>file:/C:/Users/Nacho/Desktop/pecl2/src/logicaNeg/ListaThreads.java</file>
            <file>file:/C:/Users/Nacho/Desktop/pecl2/src/interfaz/ModControl.java</file>
            <file>file:/C:/Users/Nacho/Desktop/pecl2/src/logicaNeg/Visitante.java</file>
            <file>file:/C:/Users/Nacho/Desktop/pecl2/src/interfaz/ProgPrincipal.java</file>
            <file>file:/C:/Users/Nacho/Desktop/pecl2/src/logicaNeg/Cliente.java</file>
            <file>file:/C:/Users/Nacho/Desktop/pecl2/src/logicaNeg/AcepConexiones.java</file>
        </group>
    </open-files>
</project-private>
