<?xml version="1.0" encoding="UTF-8"?>
<project-private xmlns="http://www.netbeans.org/ns/project-private/1">
    <editor-bookmarks xmlns="http://www.netbeans.org/ns/editor-bookmarks/2" lastBookmarkId="0"/>
    <open-files xmlns="http://www.netbeans.org/ns/projectui-open-files/2">
        <group>
            <file>file:/C:/Users/Javier/Desktop/INFORMATICA/PROGRAMACIÓN%20AVANZADA/PEC3L/PEC3L/PEC3L/src/Interfaces/Interfaz.java</file>
            <file>file:/C:/Users/Javier/Desktop/INFORMATICA/PROGRAMACIÓN%20AVANZADA/PEC3L/PEC3L/PEC3L/src/CódigoFuente/Comprador.java</file>
        </group>
    </open-files>
</project-private>
